# Name,   Type, SubType, Offset,  Size, Flags
# 4MB: one app slot (USB flash, no OTA). Dual 0x150000 OTA apps overflowed
# the firmware (~1.38MB HTML UI). LittleFS is ~1.81MB so a mod can replace
# some WAVs with longer clips and keep the stock files it does not ship.
# NVS stays at 0x9000. spiffs moved; reflash app + filesystem together.
nvs,      data, nvs,     0x9000,  0x5000,
otadata,  data, ota,     0xe000,  0x2000,
app0,     app,  ota_0,   0x10000, 0x210000,
spiffs,   data, spiffs,  0x220000,0x1D0000,
coredump, data, coredump,0x3F0000,0x10000,
